Source,Target
Tampereen kaupunki,City of Tampere
kaupunginvaltuusto,City Council
kaupunginhallitus,City Board
pormestari,mayor
keskusvaalilautakunta,Central Election Committee
tarkastuslautakunta,Auditing Board
kaupunginhallituksen konsernijaosto,City Board's Group Division
konsernijohtaja,Group Chief Executive Officer
konsernihallinto,central administration
johtaja,executive director
sivistyspalvelujen palvelualue,Education and Culture Services
elinvoiman palvelualue,Economic Development Competence and Real Estate Services
kaupunkiympäristön palvelualue,Urban Environment and Infrastructure Services
apulaispormestari,Deputy Mayor
kasvatus- ja opetuslautakunta,Education Committee
kulttuuri- ja vapaa-aikalautakunta,Culture and Leisure Committee
johtokunta,Board of Directors
lautakunta,committee
jaosto,division
elinvoima- ja osaamislautakunta,Competence and Economic Development Committee
asunto- ja kiinteistölautakunta,Housing and Real Estate Committee
yhdyskuntalautakunta,City Planning and Infrastructure Services Committee
kaupunkiseudun joukkoliikennelautakunta,Regional Public Transport Committee
alueellinen jätehuoltolautakunta,Regional Waste Management Board
työllisyysjaosto,Employment Division
alueellisen ympäristöterveydenhuollon jaosto,Regional Environmental Health Division
ympäristö- ja rakennusjaosto,Environment and Building Division
konserniyhteisö,group organisation
tytäryhteisö,subsidiary company
osakkuusyhteisö,associate community
säätiö,foundation
digitalisaatio ja tietohallinto,Digitalisation and ICT
strateginen ohjaus ja konsernipalvelut,Strategic Governance and Group Services
johdon tuki,Group Support
yhteisö- ja kehittämispalvelut,Partnership and Participation
henkilöstöhallinto,human resources
taloushallinto,financial administration
kehitysohjelma,development programme
työllisyys- ja kasvupalvelut,Employment and Growth Services
kiinteistöt tilat ja asuntopolitiikka,real estate and housing policy
kestävä kaupunki,Sustainable City
palvelualueen esikunta,management of services
palveluryhmä,service group
palveluyksikkö,service unit
lakiasiat,legal affairs
sisäinen tarkastus,internal auditing
omistajaohjaus,ownership steering
palvelu,service
Tammerkoski,Tammerkoski Rapids
Hämeensilta,Hämeensilta Bridge
Keskustori,Keskustori Central Square
Pirkanmaan hyvinvointialue,The Wellbeing Services County of Pirkanmaa
hyvinvointialue,wellbeing services county
maauimala,Outdoor Swimming Pool
kertalippu,single ticket
ranneke,wristband
uimahalli,Swimming Pool
Näsinneula,Näsinneula
Laikku,Laikku
Kulttuuritalo Laikku,Culture House Laikku
Rulla,Rulla
Lastenkulttuurikeskus Rulla,Children's Cultural Centre Rulla
Nysse,Nysse
Tullikamari,Tullikamari
Telakka,Telakka
Ratikka,Ratikka
aamu- ja iltapäivätoiminta esiopetuksessa,before- and after-school activities in pre-primary education
avoin varhaiskasvatustoiminta,open activities in early childhood education and care
esiopetus,pre-primary education
esiopetuksen henkilöstö,the pre-primary education staff
esiopetuksen opetussuunnitelma,curriculum for pre-primary education
esiopetuksen opetussuunnitelman perusteet,national core curriculum for pre-primary education
esiopetusyksikkö,pre-primary education unit
huoltaja,guardian
lapsen varhaiskasvatussuunnitelma,the individual early childhood education and care plan for a child
opetus- ja kulttuuriministeriö,The Ministry of Education and Culture
opetushallitus,The Finnish National Agency for Education
paikallinen esiopetussuunnitelma,the local curriculum for pre-primary education
perhepäivähoitaja,home-based childcare practitioner
perhepäivähoito,home-based childcare
perusopetuslaki,The Basic Education Act
päiväkoti,an early childhood education and care centre
Varhaiskasvatuksen sosionomi,Social pedagogue in early childhood education and care
täydentävä varhaiskasvatus,supplementary early childhood education and care
Varhaiskasvatuksen erityisopettaja,Special educational needs teacher in early childhood education and care
varhaiskasvatuksen henkilöstö,early childhood education and care staff
Varhaiskasvatuksen lastenhoitaja,Childcarer in early childhood education and care
Varhaiskasvatuksen opettaja,Teacher in early childhood education and care
varhaiskasvatus,early childhood education and care
Varhaiskasvatusjohtaja,The director of early childhood education and care
varhaiskasvatuslaki,The Act on Early Childhood Education and Care
varhaiskasvatuspalvelu,early childhood education and care service
varhaiskasvatussuunnitelman perusteet,the national core curriculum for early childhood education and care
varhaiskasvatustoiminta,early childhood education and care activities
varhaiskasvatusyksikkö,an early childhood education and care centre
Varhaiskasvatusyksikön apulaisjohtaja,Assistant manager of an early childhood education and care centre
Varhaiskasvatusyksikön johtaja,Manager of an early childhood education and care centre
perusopetus,basic education
kulttuurin tukipalvelut,grants and other support services for culture
suunnittelija,planning officer
Tampereen kulttuurikahvit -verkosto,Tampere Cultural Network
suunnitteluryhmä,planning group
kulttuuriavustukset,grants for culture
ammattitaiteilijoiden kannustusapurahat,personal grants for professional artists
taidelaitosten yleisavustus,general grants for art institutions
festivaalien ja suurten yleisötapahtumien yleisavustus,general grants for festivals and large public events
kulttuuri- ja taideyhteisöjen yleisavustus,general grants for cultural and art organizations
kulttuuriharrastustoimintaa järjestävien yhteisöjen yleisavustus,general grants for organizations providing cultural leisure activities
kulttuurivähemmistöjen yleisavustus,general grants for cultural minorities
kulttuurin kerta-avustus,project grants for culture
kulttuurin kehittämisavustukset,development grants for culture
Avustusten ja apurahojen yleiset periaatteet,General principles for grants
avustuslaji,grant type
avustuskokonaisuus,grant category
Kulttuurin välitilat,Meanwhile Use Spaces for Culture and Arts
Välitila,Meanwhile Use Space
Välitilamalli,Meanwhile Use Spaces Concept
Kohdekortti,Location card
Kalevan halli,Kaleva hall
Kaupin virkatalo,Kaupin virkatalo
yleishyödyllinen yhteisö,non-profit organisation
käsittelykokous,processing meeting
kulttuuripalvelupäällikkö,Head of Public Cultural Services
käyttöselvityslomake,project assessment form
Nuorten kulttuurikeskus Monitoimitalo 13,Youth Culture Center Monitoimitalo 13
kaupunkivihreä,urban nature
kaupunkiluonto,urban nature
latvuspeitteisyys,canopy cover
luontokato,biodiversity loss
luontojalanjälki,biodiversity footprint
luonnonsuojelualue,nature conservation area
uuselinympäristöt,novel ecosystems
vieraslajit,invasive species
EU:n yleinen tietosuoja-asetus,EU General Data Protection Regulation
Tietosuojalaki,Data Protection Act
Laki julkisen hallinnon tiedonhallinnasta,Act on Information Management in Public Administration
Hallintolaki,Administrative Procedure Act
Laki viranomaisten toiminnan julkisuudesta,Act on the Openness of Government Activities
Digipalvelulaki,Act on the Provision of Digital Services
Laki digitaalisten palvelujen tarjoamisesta,Act on the Provision of Digital Services
Kuntalaki,Municipalities Act
Laki pysäköinninvalvonnasta,Parking Control Act
Pyynikki,Pyynikki
venepaikka,space for a boat
talvisäilytys,winter storage of boats
Vetovoima ja edunvalvonta,Attractiveness and Advocacy
Edunvalvonta ja kansainväliset asiat,Policy and International Affairs
Kaupunkibrändi ja tapahtumat,City Branding and Marketing
Yhteisö- ja kehittämispalvelut,Community and Development Services
kehittämis- ja paikkatietopalvelut,Development and Geospatial Services
strateginen hankekehitys,Strategic Urban Development
elinkeino- ja innovaatiopolitiikka,Economic Development and Innovation Policy
kaupunkiympäristön rakennuttaminen ja ylläpito,Infrastructure Construction and Maintenance
Tampereen kaupungin työllisyys- ja kasvupalvelut,The City of Tampere Employment and Growth Services
työnvälitys- ja työnantajapalvelut,Employment and Employer Services
työnvälityspalvelut,Employment Services
työnhaun alun palvelut,Early-stage Employment Services
kohtaantopalvelut,Employment and Labour Matching Services
työnhakijoiden neuvontapalvelut,Job Seeker Advisory Services
työnvälitys- ja työurapalvelut,Employment and Career Services
työnvälityksen ja työurasuunnittelun palvelut,Employment and Career Planning Services
työllistymisen tuen palvelut,Employment Support Services
työnantajapalvelut,Employer Services
työvoiman muutosten palvelut,Workforce Transition Services for the Employer
työnantajien neuvontapalvelut,Employer Advisory Services
osaamisen ja työllistymisen palveluratkaisut,Competence and Employment Services Solutions
kehittämispalvelut,Development Services
Ohjaamo,One Stop Guidance Center for Young People
valmennuspalvelu,Coaching Services
yritys- ja elinkeinopalvelut,Business and Economic Services
yrityspalvelut,Business Services
startup-palvelut,Startup Services
International House Tampere työllisyyspalvelut,International House Tampere Employment Services
alku- ja aulapalvelut -tiimi,Registration and Info Team
nuoret ja seutu -tiimi,Young Job Seekers and Regional Employment Team
kotoutumis- ja työllisyyspalvelut -tiimi,Integration and Employment team
International House Tampere työnantaja- ja osaajapalvelut,International House Talent Attraction and Migration
työnvälitys- ja rekrytointipalvelut -tiimi,Recruitment Services Team
attraction and retention -tiimi,Attraction and Retention Team
International House Tampere kotoutumispalvelut,International House Tampere Integration services
pakolaisten kotoutumispalvelut -tiimi,Refugee Integration Services Team
International House Tampere monikielinen neuvonta,International House Tampere Multilingual Guidance Team
monialaiset työllisyyspalvelut,Multidisciplinary Employment Services
työllistymisen monialaisen tuen yhteistoiminta,Co-operation for Multi-Sectoral Support
monialaiset työnantajapalvelut ja yhteiset palvelut,Multidisciplinary Employer Services and Joint Services
seudun palvelut,Regional Services
puhelin- ja työnhaun alun palvelut,Telephone Services and Early-stage Employment Services
Palvelussuhdepalvelut,Employment Relationship Services
HR-tiimi,HR Team
talouspalvelut,Financial Management Services
maksatustiimi,Payments Team
taloustiimi,Finance Team
viestintäpalvelut,Communications Services
viestintätiimi,Communications Team
osaamisen kehittämisen palvelut,Competence Development Services
osaamisen kehittäminen,Competence Development
turvallisuus työsuojelu työhyvinvointi työterveyshuolto,Security Occupational Safety Workplace Well- being Occupational Health Care
hallintopalvelut,Administrative Services
hallinnon palvelut,Administrative Services
toimielinvalmistelut,Institutional Preparatory Tasks
strategiatyön koordinointi,Strategy Coordination
suunnittelupäällikkö,Planning Manager
Tampereen seudun työllisyysalue,Tampere Region Employment Area
palvelujohtaja kansainvälisen osaamisen palvelut,Service Director International Employment Recruitment and Integration services
palvelujohtaja monialaiset työllisyyspalvelut,Service Director Multidisciplinary Employment Services
palvelujohtaja seudun palvelut,Service Director Regional Services
palvelujohtaja tukipalvelut,Service Director Support Services
palvelujohtaja työnvälitys- ja työnantajapalvelut,Service Director Employment and Employer Services
palvelujohtaja yritys- ja elinkeinopalvelut,Service Director Business and Economic Services
työllisyys- ja kasvujohtaja,Director of Employment and Growth
analyytikko,Analyst
asiakasvastaava työllisyyspalvelut/yrityspalvelut/työnantajapalvelut,Service Specialist Employment/Business/Employers
asiantuntija,Specialist
erityisasiantuntija,Senior Specialist
hallintopäällikkö,Administrative Manager
kehityspäällikkö,Head of Development
kehittämispäällikkö,Development Manager
koordinaattori,Coordinator
markkinointiasiantuntija,Marketing Specialist
omavalmentaja,Employment Coach
palvelujohtaja,Service Director
palvelumuotoilija,Service Designer
palvelupäällikkö,Service Manager
projektipäällikkö,Project Manager
psykologi,Psychologist
talouspäällikkö,Financial Manager
tietosuoja-asiantuntija,Data Protection Specialist
viestintäpäällikkö,Communications Manager
viestintäasiantuntija,Communications Specialist
yrittäjyys- yritys- ja kansainvälisen työvoiman palvelut,Entrepreneurship business and international labour services
yrityskoordinaattori,Business Coordinator
aiesopimus,letter of intent
aluekeskus,district centre
arkeologinen selvitys,archaeological assessment
arkkitehtoninen,architectural
arkkitehtuuri,architecture
arviointi,evaluation
arvottaminen,valuation
asemakaava,local detailed plan
asemakaavaehdotus,proposed detailed plan
asemakaavaluonnos,draft detailed plan
asemakaavamerkinnät ja -määräykset,symbols codes and written regulations in the detailed plan
asemakaavamuutos,amendment to a detailed plan
asemakaavan hyväksymismenettely,approval procedure for detailed plans
asemakaavan laatiminen,drawing up a detailed plan
asemakaavamääykset,written regulations in the detailed plan
asemakaavoitus,detailed planning
asettaa nähtäville,to place on public display
asiakaspalvelu,customer service
asukastiheys,population density
asuntoalue,residential area
asuntokortteli,residential block
asuntorakentaminen,residential construction
asuntotuotanto,production of new residential units
asumisväljyys,residential floor area per person
asuntokunta,household
asuntokunnan koko,household size
asuntotiheys,residential density
avainbiotooppi,key habitat
ehdollinen ympäristövelka,contingent environmental liabilities
ekosysteemipalvelut,ecosystem services
ekotehokkuus,eco-efficiency
elinkaariasuminen,ageing in place
eliöstö - ja biotooppiselvitys,species and habitats assessment
eritasoliittymä,grade separated interchange
esteettömyys,barrier-free access
hulevesi,stormwater
hulevesien hallinta,stormwater management
hulevesien käsittely,stormwater treatment
hulevesijärjestelmä,stormwater system
hulevesikuormitus,stormwater load
hulevesiselvitys,storm water assessment
hulevesiviemäri,stormwater drain line
hyvinvointipalvelut,Social Health and Education Services
ilmanlaatuselvitys,air quality assessment
ilman saastuminen,air pollution
ilman saasteet,air pollutants
jalankulkija,pedestrian
jalkakäytävä,sidewalk
julkinen hallinta,public governance
julkishallinto,public administration
julkinen liikenne,public transportation
julkisen liikenteen verkko,public transport system
julkisivuremontti,facade renovation
jätehuolto,solid waste management
jäteveden käsittely,wastewater treatment
jäteveden käsittelylaitos,wastewater treatment facility
jätevesi,wastewater
jätevesikuormitus,wastewater load
jätteiden käsittely,solid waste management
jätteenkäsittelykeskus,solid waste management facility
jätteenpolttolaitos,solid waste incineration plant
kaatopaikka,landfill site
kaavoitus,detailed and master planning
kaavoitusmenettely,planning procedure
kadunvarsipysäköinti,on-street parking
kasvihuoneilmiö,greenhouse effect
kasvihuonekaasu,greenhouse gas
kasvihuonekaasupäästöt,greenhouse gas emissions
katuverkko,street network
kaukolämpö,district heating
kaupan alue,commercial area
kaupunginosa,district
kaupunkikuva,cityscape
kaupunkimaisema,cityscape
kaupunkirakenne,urban structure
kerros,storey
kerrosala,gross floor area
kerrostalo,apartment building
keskusta,city centre
kestävä kehitys,sustainable development
kevyen liikenteen väylät,pedestrian and bicycle paths and lanes
kevyen liikenteen verkko,network of walkways and bicycle paths
kevyt liikenne,pedestrian and bicycle traffic
kierrätys,recycling
kiinteistö,property
kirjaamo,Registry Office
kilpailutus,competitive bidding
kokonaissuunnitelma,comprehensive plan
korkea rakentaminen,high rise construction
kulkuneuvo,vehicle
kulkutapavalinta,transport mode choice
kulttuurimaisema,cultural heritage landscape
kulttuuriympäristö,cultural heritage resources
kulttuuriympäristöselvitys,assessment of cultural heritage resources
kunnanvaltuusto,municipal council
kunta,municipality
Kuntalakiuudistus,reform of Local Government Act
kuntaliitos,municipal merger
kuntauudistus,local government reform
kuntayhtymä,joint municipal authority
kuntayhtymän perussopimus,charter of joint municipal authority
kuntien hallinnonuudistus,local government management reform
kuulutus,public announcement
kytkeytyneisyys,connectedness
kävelytie,walkway
kävelytieverkko,pedestrian network
laikku,patch
lausunto,statement
liikennemuoto,mode of transportation
liikennejärjestelyt,traffic arrangements
liikennesuunnittelu,transportation planning
liikenneverkko,transportation system
liiteaineisto,appended materials
liito-orava,Siberian flying squirrel
luonnonsuojelu,nature conservation
luonnonsuojeluohjelma,nature conservation programme
luontoselvitys,ecological assessment
luontovaikutusten arviointi,ecological impact assessment
lähijuna,commuter train
lähiö,suburb
lämpösaareke,heat island
lämpösaarekeilmiö,heat island effect
maankäytön suunnittelu,land use planning
maakuntakaava,regional land use plan
maisema,landscape
melu,noise
meluselvitys,environmental noise assessment
melusuojaus,environmental noise control
melusuojausaita,noise barrier
melusuojaustoimenpiteet,noise mitigation measures
mittakaava,scale
muistutus asemakaavaehdotuksesta,objection to the proposed detailed plan
muutos asemakaavaehdotukseen,revision
muutos voimassaolevaan asemakaavaan,amendment
nähtävilläoloaika,display period
ojitusjärjestelmä,drainage system
oleellinen muutos asemakaavaehdotukseen,material revision to the proposed detailed plan
omakotitalo,detached house
osallinen,stakeholder
osallistumis - ja arviointisuunnitelma,participation and impact assessment scheme
osayleiskaava,component master plan
paikallisjuna,commuter train
paikkatieto,geograph ic information system (GIS)
palvelutalo,assisted living building
perinnemaisema,cultural heritage landscape
peruspalveluohjelma,basic public services programme
peruspalveluohjelmamenettely,basic public services programme procedure
peruspalvelut,basic public services
pienhiukkanen,small particle
pikaraitiotie,light rail
pohjaveden muodostuminen,groundwater recharge
pohjavesi,groundwater
poikkeuslupa,exemption permit
pormestarijärjestelmä,mayoral system
pysäköinnin aikarajoitukset,time restrictions
pysäköinnin kesto,duration of parking
pysäköinti,parking
pysäköinti alue,parking lot
pysäköintikiekko,parking disc
pysäköintikierto,parking turnover
pysäköintikulma,parking angle
pysäköintilaitos,parking facility
pysäköintilippuautomaatti,parking ticket vending machine
pysäköintimaksu,parking fee
pysäköintinormisto,parking standards
pysäköintiolosuhteet,parking conditions
pysäköintipaikka,parking space
pysäköintiruutu,parking stall
pyöräkaista,bicycle lane
pyörätie,bikeway
pääkaupunkiseutu,Helsinki Metropolitan Area
raitiotie,tram line
rakennushistoriasevitys,built heritage assessment
rakennuskanta,building stock
rakennuskustannusindeksi,building cost index
rakennuslupa,building permit
rakennusten sijoitus,siting of buildings
rakennusvalvonta,building control
rakennusvalvontavirasto,local building control authority
rakentamisen määrä,volume of building
rakentamisrajoitus,building restriction
rakentamistapamääräykset,written regulations for site design and building
rakentamistapaohje,guidelines for site design and building
ramppi,ramp
reunaehdot,preconditions
risteys,intersection
rivitalo,townhouse
saatavuus,availability
saavutettavuus,accessibility
saavutettavuusvyöhyke,accessibility zone
selvitys,assessment
seutukunta,sub-region
sisäänkäynti,entrance
suojatie,pedestrian crossing
suojelumääräykset,protection regulations
suositus,recommendation
suunnittelualue,planning area
suuntaispysäköinti,parallel parking
siirtolapuutarha,allotment garden
suotautuminen,percolation
taajamajuna,regional train
Tampereen kaupunkiseudun rakennesuunnitelma 2030,Urban Development Plan for the Tampere Cit y Region 2030
Tampereen kaupunkiseutu,Tampere City Region
teollisuusalue,industrial area
terveyskeskus,medical centre
tilaaja-tuottaja -malli,purchaser-provider model
tontti,lot
tonttijako,lot division
tonttitehokkuus,floor area ratio per lot
toteuttamiskelpoinen,feasible
toteuttamiskelpoisuus,feasibility
turvallisuus,safety
tärinä,vibration
tärinäselvitys,environmental vibration assessment
täydennysrakentaminen,infill development
ullakko - ja kattorakentaminen,attic and rooftop building
ulkoistaminen,outsourcing
uloskäynti,exit
uusiutumaton,non-renewable
uusiutuva,renewable
vaarallisten aineiden kuljetus,transportation of hazardous materials
vaihettumisvyöhyke,transition zone
valitus asemakaavaehdotuksesta,appeal against a proposed detailed plan
valitusaika,appeal period
valtatie,highway
valuma -alue,drainage basin
vedenjakaja,watershed
vesisuhteet,water balance
viheralue,green area
viherkäytävä,green corridor
viherrakenne,green structure
vihersuunnittelu,planning of green areas
viherverkko,network of green areas
vihreä talous,ecological economics
viistopysäköinti,diagonal parking
vireillepano,initiation of the procedure
voimaantulo,to come into effect
voimassaoleva,approved
vähäinen muutos,minor revision
väliraportti,interim report
väestötiheys,population density
yhdyskuntarakenteen eheyttäminen,consolidation of the urban structure
yhdyskuntasuunnittelu,community planning
yleiskaava,local master plan
yleiskaavoitus,master planning
yleissuunnitelma,general plan
yleisötilaisuus,public consultation
ympäristöinvestoinnit,environmental investments
ympäristöjalanjälki,environmental footprint
ympäristökulut,environmental expenses
ympäristökuormitus,environmental load
ympäristömelu,environmental noise
ympäristönsuojelu,environmental protection
ympäristöselvitys,environmental assessment
ympäristötalous,environmental economics
ympäristötuotot,environmental income
ympäristövaikutus,environmental impact
ympäristövaikutusten arviointi,environmental impact assessment (EIA)
ympäristövastuu,environmental responsibility
ympäristövelka,contingent environmental liabilities
Koilliskeskus,Koilliskeskus
Lielahtikeskus,Lielahtikeskus
Tipotien hyvinvointikeskus,Tipotie Welfare Centre
Nekalan kulttuurikeskus,Nekala Cultural Centre
Nekalab,Nekalab
Hervannan vapaa-aikakeskus,Hervanta Leisure Centre
Rollaattorimarssi,Rollator March
nuorisokeskus,Youth Centre
nuorisotila,Youth Centre
vesijumppa,water aerobics
syvän veden jumppa,deep water aerobics
ulkokuntosali,outdoor gym
ulkokuntoilupaikka,outdoor gym
Valoviikot,Festival of Light
Tampereen Valoviikot,Tampere Festival of Light
Museoiden yö,Night of the Museums
Puistokonsertit,Summer Park Concert Series
Puistofiesta,Puistofiesta
Tampereen päivä,Tampere Day
Tampereen joulutori,Tampere Christmas Market
joulutori,Christmas Market
Lasten itsenäisyyspäivän tanssiaiset,Children's Independence Day Ball
Tampereen Sävel,Tampere Vocal Music Festival
Tampere Biennale,Tampere Biennale
Tampere Jazz Happening,Tampere Jazz Happening
